{
  "lang":"en",
  "name":"pipeline",
  "version":"0.0.0",
  "spacy_version":">=3.4.1,<3.5.0",
  "description":"",
  "author":"",
  "email":"",
  "url":"",
  "license":"",
  "spacy_git_version":"Unknown",
  "vectors":{
    "width":0,
    "vectors":0,
    "keys":0,
    "name":null,
    "mode":"default"
  },
  "labels":{
    "tok2vec":[

    ],
    "ner":[
      "DATE",
      "LOCATION",
      "MONEY",
      "PASSENGER NUMBER",
      "PERCENT",
      "TICKET",
      "TICKET CLASS",
      "TRAIN TYPE",
      "TRANSACTION NUMBER"
    ]
  },
  "pipeline":[
    "tok2vec",
    "ner"
  ],
  "components":[
    "tok2vec",
    "ner"
  ],
  "disabled":[

  ],
  "performance":{
    "ents_f":0.9758566978,
    "ents_p":0.9819749216,
    "ents_r":0.9698142415,
    "ents_per_type":{
      "DATE":{
        "p":1.0,
        "r":1.0,
        "f":1.0
      },
      "LOCATION":{
        "p":0.9842271293,
        "r":0.9936305732,
        "f":0.9889064976
      },
      "TRAIN TYPE":{
        "p":0.9968847352,
        "r":1.0,
        "f":0.9984399376
      },
      "PERCENT":{
        "p":0.9723076923,
        "r":0.9968454259,
        "f":0.984423676
      },
      "MONEY":{
        "p":0.9893004115,
        "r":0.9876746097,
        "f":0.9884868421
      },
      "TICKET":{
        "p":0.7866666667,
        "r":0.8805970149,
        "f":0.8309859155
      },
      "TRANSACTION NUMBER":{
        "p":1.0,
        "r":1.0,
        "f":1.0
      },
      "PASSENGER NUMBER":{
        "p":0.9047619048,
        "r":0.3958333333,
        "f":0.5507246377
      },
      "TICKET CLASS":{
        "p":0.0,
        "r":0.0,
        "f":0.0
      }
    },
    "tok2vec_loss":156.4811341087,
    "ner_loss":2252.6225461867
  }
}